<?xml version="1.0" encoding="UTF-8"?>
<!DOCTYPE suite SYSTEM "http://testng.org/testng-1.0.dtd">

<suite name="DailyBurnCommon">
  
  <test thread-count="2" name="Mobile Test" preserve-order="true" verbose="1">
    
    <classes>
    
 <class name="base.Setup_web"/>
    <class name="DB_Web_Tests.SignIn">
        <methods>  
            <include name="signIntoApplication"/>
        </methods>
    </class> 

   <class name="DB_IOS_Tests.ClearNode"/>

   <class name="DB_IOS_Tests.IOS_Test1"/>
  
    
    </classes>
  </test> 
</suite> 
